<?xml version="1.0" encoding="UTF-8"?>
<entity-mappings xmlns="http://java.sun.com/xml/ns/persistence/orm"
	xmlns:xsi="http://www.w3.org/2001/XMLSchema-instance"
	xsi:schemaLocation="http://java.sun.com/xml/ns/persistence/orm http://java.sun.com/xml/ns/persistence/orm_2_0.xsd"
	version="2.0">

	<!-- Averia quieries -->
	<named-query name="Averia.findByIds">
		<query>select a from Averia a where a.id in ?1</query>
	</named-query>

	<named-query name="Averia.findNoFacturadasByDni">
		<query>
			select a
			from Averia a
			where a.vehiculo.cliente.dni = ?1
			and a.status = uo.ri.model.types.AveriaStatus.TERMINADA
		</query>
	</named-query>
	<!-- Cliente queries -->
	<named-query name="Cliente.findByID">
		<query>
			select c
			from Cliente c
			where c.id = ?1
		</query>
	</named-query>
	<named-query name="Cliente.findByDni">
		<query>
			select c
			from Cliente c
			where c.dni = ?1
		</query>
	</named-query>

	<!-- MedioPago queries -->
	<!-- <named-query name="MedioPago.findByInvoiceId"> <query> select m from 
		Factura f join f.averias a join a.vehiculo.cliente c join c.mediosPago m 
		where f.id = ?1 </query> </named-query> -->
	<named-query name="MedioPago.findById">
		<query>
			select mp
			from MedioPago mp
			where mp.cliente.id = ?1
			order by mp.id asc
		</query>
	</named-query>
	<named-query name="Tarjeta.findByNumber">
		<query>
			select b
			from TarjetaCredito b
			where b.numero = ?1
		</query>
	</named-query>
	<!-- Bono queries -->

	<named-query name="Bono.findById">
		<query>
			select b
			from Bono b
			where b.cliente.id = ?1
		</query>
	</named-query>
	<named-query name="Bono.findByCode">
		<query>
			select b
			from Bono b
			where b.codigo = ?1
		</query>
	</named-query>
	<named-query name="Bono.resumenByClienteI">
		<query>
			<![CDATA[
			select count(b.id), sum(b.disponible), sum(b.acumulado) 
			from Bono b
				join b.cliente c
			where b.cliente.id = ?1
			group by b.id
			]]>
		</query>
	</named-query>
	<!-- Factura queries -->
	<named-query name="Factura.findByNumber">
		<query>select f from Factura f where f.numero = ?1</query>
	</named-query>

	<named-query name="Factura.getNextInvoiceNumber">
		<query>select max(f.numero) + 1 from Factura f</query>
	</named-query>

	<!-- Mecanico queries -->
	<named-query name="Mecanico.findAll">
		<query>select m from Mecanico m</query>
	</named-query>

	<named-query name="Mecanico.findByDni">
		<query>select m from Mecanico m where m.dni = ?1</query>
	</named-query>

	<!-- Averia queries -->
	<named-query name="Averia.findWithUnusedBono3ByClienteId">
		<query>
			select a
			from Averia a
			join a.vehiculo v
			join v.cliente c
			where a.usadaBono = false
			and c.id = ?1
		</query>
	</named-query>

	<!-- <named-query name="findItemsOnSaleByCategoryId"> <query> <![CDATA[ 
		select i from Item i join i.categories c where c.id = ?2 and i.startDate 
		<= ?1 and i.endDate >= ?1 ]]> </query> </named-query> -->

</entity-mappings>