<?xml version="1.0" encoding="UTF-8"?>
<entity-mappings 
	xmlns="http://java.sun.com/xml/ns/persistence/orm" 
	xmlns:xsi="http://www.w3.org/2001/XMLSchema-instance"
  	xsi:schemaLocation="http://java.sun.com/xml/ns/persistence/orm http://java.sun.com/xml/ns/persistence/orm_2_0.xsd"
  	version="2.0">

	<!-- Averia queries --> 
<!-- 
 	<named-query name="Averia.findByIds">
		<query>select a from Averia a where a.id in (?1)</query>
	</named-query>

	<named-query name="Averia.findNoFacturadasByDni">
		<query>
			select a 
			from Averia a 
			where a.vehiculo.cliente.dni = ?1 
				and a.status = uo.ri.model.types.AveriaStatus.TERMINADA 
		</query>
	</named-query>
-->	

<!-- 
	<named-query name="findItemsOnSaleByCategoryId">
		<query>
			<![CDATA[
			select i 
				from Item i join i.categories c
				where c.id = ?2
					and i.startDate <= ?1
					and i.endDate >= ?1 
			]]>
		</query>
	</named-query>
 -->		

</entity-mappings>